{"cameraMode":{"drawMode":0,"name":"Shaded","section":"Shading Mode"},"sceneLighting":true,"audioPlay":false,"sceneViewState":{"showFog":true,"showMaterialUpdate":false,"showSkybox":true,"showFlares":true,"showImageEffects":true,"showParticleSystems":true},"in2DMode":false,"pivot":{"x":3.035928249359131,"y":-1.6153335571289063,"z":2.2172975540161135},"rotation":{"x":-0.4118500351905823,"y":-0.325550377368927,"z":0.16040632128715516,"w":-0.8358632922172546},"size":11.047361373901368,"orthographic":false}