{"cameraMode":{"drawMode":0,"name":"Shaded","section":"Shading Mode"},"sceneLighting":true,"audioPlay":false,"sceneViewState":{"showFog":true,"showMaterialUpdate":false,"showSkybox":true,"showFlares":true,"showImageEffects":true,"showParticleSystems":true},"in2DMode":false,"pivot":{"x":1.4395997524261475,"y":3.1628246307373049,"z":1.13523530960083},"rotation":{"x":-0.39565590023994448,"y":-0.010471842251718045,"z":0.004511581733822823,"w":-0.9183281064033508},"size":4.620729446411133,"orthographic":false}