{"cameraMode":{"drawMode":0,"name":"Shaded","section":"Shading Mode"},"sceneLighting":true,"audioPlay":false,"sceneViewState":{"showFog":true,"showMaterialUpdate":false,"showSkybox":true,"showFlares":true,"showImageEffects":true,"showParticleSystems":true},"in2DMode":false,"pivot":{"x":4.270298957824707,"y":-1.280482292175293,"z":-3.2471675872802736},"rotation":{"x":-0.16705107688903809,"y":-0.3378032445907593,"z":0.061054568737745288,"w":-0.9242601990699768},"size":13.522765159606934,"orthographic":false}